{"avg_calc_time": 0.15630175001570024, "std_calc_time": 0.0, "avg_obj": 32.396446228027344, "std_obj": 0.0, "avg_tour_length": 2.137852907180786, "std_tour_length": 0.0, "avg_down": 0.3025859296321869, "std_down": 0.0, "total_calc_time": 0.15630175001570024, "avg_actual_tour_length": 213.78529357910156, "std_actual_tour_length": 0.0, "avg_num_down": 15.12929630279541, "std_num_down": 0.0}