{"avg_calc_time": 0.04583087500941474, "std_calc_time": 0.0, "avg_obj": 35.19602966308594, "std_obj": 0.0, "avg_tour_length": 2.2268548011779785, "std_tour_length": 0.0, "avg_down": 0.32969173789024353, "std_down": 0.0, "total_calc_time": 0.04583087500941474, "avg_actual_tour_length": 222.68548583984375, "std_actual_tour_length": 0.0, "avg_num_down": 16.484586715698242, "std_num_down": 0.0}